color,alt_color
059/BKCV,Wmns
088/HTHS,Wmns
131/CANV,Wmns
ACTIPINK,Actinium Pink
AETHBLUE,Aether Blue
ALEBOMAL,Alloy / Ebony / Malaga
ALLTEMP,All Temp
ALT,Alternate
AMAZNGRN,Amazon Green
AMB,Amber
AMBER,Llamber
AMBGLDYL,Amber Gold W/ Yellow
AMBPNKYL,Amber Pink W/ Yellow
AMBSCRYL,Amber Scarlet W/ Yellow
AMBSOINF,Amber W/Sonar Infrared
AMEBLK,Amethyst/Black
AMETPURP,Ametist Purple
AMPKYEL,Amber Pink W/ Yellow
AMPLIFIE,Amplifier
AMSCYEL,Amber Scarlet W/ Yellow
ANLGDRM,Analog Dream
ANORG,Anthracite Black Orange
ANTBLKLI,Anthracite/ Black/ Lime
ANTIBLUE,Antimony Blue
ANTRABLK,Anthracite / Black
AP CRITT,Ap Critters
APRICGRY,Apricot Grey
APRICIVY,Apricot Ivy
ARCNVY,Arctic Navy Yucatan
ARCSUR,Arctic Surf
ARCTBLUE,Ink Black
ARMY,Silver Mirror + Yellow
ARMYCAMO,Submersible
ARMYGRN,Army Green
ASBLK,Asphalt Black
ASHCAM,Ashcroft Camo
ASHCAMO,Ashcroft Camo
ASHGREY,Ash Grey
ASHHEATH,Ash Heather
ASMSDNLI,Ast/Msd/Dnt/Lime
ASPGRYBK,Asphalt Grey / Tnf Black
ASPHEA,Asphalt Heather
ASPHGREY,Asphalt Grey / Tnf Black
ASPHGREY,Asphalt Grey
ASPHGRY,Tnf Black
ASPHGRY,Asphalt Grey
ASTLIMMS,Ast/Lime/Msd
ATMOS,Atmosphere
ATOBLU,Atomic Blue
AUBERGIN,Aubergine
BAJABLAN,Multi-Baja Blanket
BALBLK,Balsam/Black
BALGRURB,Balsam Green / Urban Charcoal
BALLTHTR,Balsam Light Heather
BALSMBLK,India Ink/Fennel
BALTBLUE,Baltic Blue
BANANSKY,Banana Sky
BARCAMO,Barren Camo
BARCHBLK,Barbados Cherry/Black
BARRCAMO,Barren Camo
BARRCAMO,True Black
BARRKEEF,Barren Keef Slim Fit
BASKBLUE,Basketane Blue
BASPASAU,Balsam/Sparrw/Saushd
BBUBBLE,Bryte Bubblegum
BEACHBRK,Beach Break
BEASTCAM,Beast Camo
BEECHGRN,Tnf Black
BEEGRN,Beech Green
BERRY,Berry - Twilight
BGG,Black Grey Gradient
BGPOL,Brown Gradient Polarized
BGRGRD,Blue/Grey Gradient
BI,Black Iridium
BION,Blue Ion
BIPOL,Black Iridium Polarized
BIRDDOG,Bird Dog
BIRDSEYE,Birds Eye
BITCHSWX,Bitter/Chstwx Bitter/Chstwx
BITHTBUF,Bitters Heather Buff Plaid
BITMOIND,Bitters/Mood Indigo
BK/GR/WH,Lavender/Pink/Green
BK/PCPLG,Polarized Grey
BK/SPW,Black / Spw
BKBKPOTP,Black / Black / Potent Pur
BKBKSARG,Black / Black / Sargasso
BKBOBKWT,Black Bone/Black White
BKFLORPR,Black Floral Print
BKGLPCIG,Chromapop Polarchromatic Ignit
BKLBLK,Black/Fuchsia
BKMSDBOR,Bk/Msd/Borg
BKTNMERD,Bk/Tnm/Erd
BKVIOICE,Black/Violet Ice
BLACK,Black
BLACKBLU,Black / Blue
BLACKGRY,Black/Grey
BLACKOUT,Forged Iron
BLACKOUT,Black Out
BLACKPEB,Black Pebbles
BLACKRIP,Black Ripstop
BLACKTAN,Black Tan
BLACKTI,Black/Titanium
BLACKWHT,Black/White
BLASSSTR,Blue Assembly Stripe
BLBUCHME,Blackburgundycharcoal Melange
BLCKOUT,Blackout
BLDMOON,Blood Moon
BLGRY,Blue Grey
BLI,Blue Ion W/ Amber
BLI,Blue Ion
BLIAM,Blue Ion W/Amber
BLK,Black
BLK,Black/Red/Grey
BLK,Per Sheet
BLK,Per Inch
BLK/BLK,Blkblk
BLK/BLU,Black/Blue
BLK/BLU,Blue Mirror
BLK/GR/W,Black/Grey/White
BLK/GRN,Black/Green
BLK/PRNT,Black Print
BLK/RED,Black Red
BLK/WAXB,Black/Waxed Black
BLK/WHT,Black/White
BLK/WHT,Cool Grey/Black/Orange
BLKACAMO,Black/ Ashcroft Camo
BLKAME,Black/Amethyst
BLKANTGR,Black/Anthracite/Green
BLKANTHR,Black / Anthracite
BLKANWHT,Black/Anthracite/White
BLKAOPYE,Pink Aop W/ Black
BLKATHR,Black Antracite
BLKATHR,Black/Anthracite
BLKBKACI,Black/Black Acid Print
BLKBL,Black Antrhacite Blue
BLKBLK,Snapback
BLKBLK,Black/Black
BLKBLK,Black/Grey
BLKBLK,Black/White
BLKBLK,Black/Yellow
BLKBLK,Black/Fuchsia
BLKBLK,Black/Gray
BLKBLK,Black / Black
BLKBLKTR,Black / Black Transparent
BLKBLKWH,Black/Black/White
BLKBLU,Black Blue
BLKBLUE,Black Blue
BLKBLUE,Black/Blue
BLKBLUWH,Black/Blue/White
BLKBROWN,Black / Brown
BLKCAMO,Black Camo
BLKCAMO,Black / Tiger Camo
BLKCBIPE,Trcdro/Ptroyl/Balsam
BLKCHA,Black/Charcoal
BLKCHAR,Black Charcoal
BLKCHARC,Black Charcoal
BLKCHOCO,Black / Chocolate Torte
BLKCOPPR,Black / Copper
BLKCREAM,True Black Irish Cream
BLKDAILO,Black Dailola Shibori
BLKDAYST,Black Daybreak Stripe
BLKDENBL,Black/Denimblue
BLKDINO,Black Og Dinoflage
BLKDKCHA,Black / Dark Charcoal
BLKDKSLA,Black / Dark Slate
BLKDYTRE,Black Dye Tree
BLKEHT,Black White
BLKELCBL,Black / Electric Blue
BLKELPET,Matte Black Electric Petal
BLKFADE,Black Fade
BLKFADE,Evan Smith
BLKFISH,Black Fish
BLKFLORA,Black Floral Print
BLKFLORD,Black/Florescentred
BLKFLORD,Black / Flo-Red
BLKFLORE,Black / Flo-Red
BLKFTBSK,Black Fruit Basket
BLKGLACI,Black Glacier
BLKGLBLK,Black Glitter / Black
BLKGLOW,Black Glow
BLKGLOW,Black/Glow
BLKGOLD,Blackgold
BLKGR,Black Green
BLKGREEN,Black / Green
BLKGREY,Black/Grey
BLKGREY,Black Grey
BLKGRN,Black Anthracite Green
BLKGRN,Black Green
BLKGRNAL,Matte Black Bright Green Alien
BLKGRY,Black/Grey
BLKGRYFR,Black-Frost Grey
BLKGRYYL,Black / Grey / Yellow
BLKHOUND,Black Houndstooth
BLKHTHR,Black Heather
BLKHTHSP,Black Heather / Black Speckle
BLKICON,Black Icon
BLKIR,Black Iridium
BLKIRID,Black Iridium
BLKIRPOL,Black Iridium Polarized
BLKJUN,Black/Jungle
BLKKELLY,Black / Kelly
BLKKHK,Black Khaki
BLKKNO,Black Knockout
BLKLAGOO,Black Lagoon
BLKLGN,Bk/Lgn
BLKLOGO,Black / Logo
BLKLTHTR,Blackout Light Heather
BLKMAD,Black/Madison
BLKMAR,Black Marble
BLKMARL,Black Marl
BLKMAT,Black Matte
BLKMEL,Black Melange
BLKMILIT,Black / Military
BLKMOJIT,Black Mojito
BLKMTRED,Black / Metal Red
BLKMULTI,Black Multi
BLKMULTI,Black-Multi
BLKNEORD,Black / Neon Red
BLKNOIR,Black Noir
BLKNTAUG,Tnf Black/New Taupe Green Palm
BLKOFFWT,Black/Off White
BLKOFFWT,Black /Off White
BLKOILGR,Black Oil Green
BLKONX,Black Light Onix
BLKOPT,Black Optic
BLKORANG,Black Orange
BLKORG,Black/Orange
BLKOUT,Blackout
BLKOUT,Black Out
BLKPCCP,Polarized Bronze
BLKPEARL,Black Pearl
BLKPEB,Black Pebble
BLKPELIC,Black / Hungry Pelican
BLKPEONI,Peonies Black
BLKPINK,Black/Pink
BLKPLMWV,Medium Brown
BLKPLUBL,Black Plum/Black
BLKPNKGR,Black/Pink/Green
BLKPOL,Black Polarized
BLKPRI,Black Print
BLKPRINT,Black Print
BLKPRPLE,Black/Purple
BLKPUR,Black White
BLKPURP,Black/Purple
BLKPURSW,Black/Purple Swirl
BLKRAW,Brown/Green
BLKRBR,Black Rubber
BLKRD,Black Red
BLKRDWHT,Black / Red / White
BLKRED,Black Red
BLKRED,Black/ Florescent Red
BLKRED,Black/Red
BLKRED,Black / Red
BLKREDWH,Black/Red/White
BLKREDYL,Black / Red / Yellow
BLKREF,Black Reflective
BLKROSE,Black Rose
BLKRUS,Black/Russet
BLKSHA,Black/Shadow
BLKSHI,Black Shift
BLKSHTTR,Black Shattered
BLKSILV,Black/Silvermetallic-X
BLKSILVR,Black/Silver
BLKSLVR,Black/Silvermetallic-X
BLKSPRKL,Black/Sparkle
BLKTEAL,Black / Teal
BLKTEMP,Black/ Tempest
BLKTIGER,Black Grey Tiger Shark
BLKTRBLK,Black Transparent / Black
BLKTRI,Silver Mirror + Yellow
BLKTURT,Black Turtledove
BLKVOLC,Black Volcano
BLKVOLCA,Black Volcano
BLKVOT,Black/Volt Boot
BLKWASH,Black Wash
BLKWDMNT,Black Wood Mountain
BLKWH,Black White
BLKWHITE,Snapback
BLKWHITE,Black/White
BLKWHT,Black/White
BLKWHT,Black White
BLKWHT,Black Anthrecite White
BLKWHT,Black / White
BLKWHT,Black Volcano
BLKWHT,Black / True White
BLKWHTBL,Black/White/Black
BLKWHTBL,Black/ White / Light Blue
BLKWHTLT,Black And White Light
BLKWHTMA,Black/White Marble
BLKWHTRD,Black / White/ Red
BLKWHTYL,Black / White / Yellow
BLKWOLF,Black/Wolf
BLKWOLF,Black (Wolf
BLKYLLW,Black-Yellow
BLKYLLW,Black / Yellow
BLKYLW,Black/Yellow
BLMARCHA,Black/Maroon/Charcoal
BLOCKCHO,Blocks Chocolate
BLOOD,Silver Mirror + Yellow
BLSHPNK,Blush Pink
BLSMI,Blue Sensor Mirror
BLSTEEL,Blue Steel
BLUAMB,Blue Ion W/Amber
BLUAMBER,Blue Amber
BLUBLACK,Blue/Black
BLUCBLT,Blue Cobalt
BLUE,Blue
BLUEBIRD,Bluebird Colorblock
BLUEHTHR,Blue Heather
BLUEION,Blue Ion + Amber
BLUEION,Blue Ion
BLUEMAGN,Blue Magnolia
BLUEORAN,Blue Orange
BLUEORG,Blue/Orange
BLUERED,Blue / Red
BLUERINS,Blue Rinse
BLUESTEE,Bluesteel Melange
BLUESTON,Blue Stone
BLUFUSN,Blue Fusion
BLUICHIB,Blue Ice/Hibiscus
BLUIRID,Blue Iridium
BLUJEW,Blue Jewel
BLULAG,Blue Lagoon
BLULIM,Blue / Lime
BLUMIR,Blue Mirror
BLUMIR,Blue Mirror Polarized
BLUORG,Blue / Orange
BLUPOL,Blue Mirror
BLUPOL,Blue Ion Polorized
BLUREDYL,Child
BLUREFLX,Blue Reflex
BLURFLEX,Blue Reflex
BLURINSE,Blue Rinse
BLUROBOT,Blue Robots
BLUSILVR,Chris Joslin
BLUSPACE,Blue Space
BLUSUN,Blue/Blue/Sunset
BLUTYDYE,Blue Tye-Dye
BLUWHIM,Blue Whimsy
BLUWNGTL,Blue Wing Teal
BLWHGLIB,Black/White-Gum Light Brown
BLWHRED,Black/White/Red
BMR,Blue Mirror
BOGHEA,Bog Heather
BOGHEATH,Bog Heather
BOHE,Bog Heather
BOHETRBK,Bog Heather/True Black
BONESNKE,Bone Snake
BORBRN,Bordeaux Brown
BORDHYWH,Bohrium Red / Hydrogen White
BOTANPET,Botanics Pet
BOTPET,Botanics Pet
BOUTISTI,Bourbon Tick Stitch
BOWLPACK,Bowlpacker
BOZ,Blue Ozone
BPOL,Blue Polorized
BRADSHAW,Olive/Black
BRBLKALU,Brushed Black / Aluminum
BRBRWN,Bronco Brown
BREEZEWY,Breezeway
BRFX,Blue Reflex
BRFX,Blue Relex
BRGHTBLU,Bright Blue
BRGHTGRN,Bright Green
BRGHTORG,Bright Orange
BRIBKHEA,Brick/Black Heather
BRIBLU,Bright Blue
BRIGPINK,Matte Bright Pink
BRIROS,Bridal Rose
BRIROSE,Bridal Rose
BRITKHAK,British Khaki
BRITROSE,Bright Rose
BRN,Brown
BRNAPORD,Bright Nail Polish Red
BRNGDPOL,Brown Gradient Polarized
BRNGRN,Brown/Green
BRNNAVY,Brown/Navy
BRNPCPBN,Polarized Brown
BRNPOL,Brown Polarized
BRNTORNG,Burnt Orange
BRNTRED,Burnt Red
BRNZRFLX,Bronze Reflex
BROTRO,Brook Trout
BRTGRN,Bright Greeen
BRTKHABK,British Khaki / Tnf Black
BRTR,Brown Trout
BRTRED,Burnt Red
BRUSHFIS,Brushie Fish
BRYANFOX,Bryan Fox
BRZSILSP,Bronze W/ Silver Spectra
BRZSLVSP,Bronze W/ Silver Spectra
BRZWAY,Breezeway
BUCK,Buckskin
BURFIS,Burgundy Fish
BYBLHYWH,Butylene Blue / Hydrogen White
BZ,Bronze
BZPOL,Bronze Polarized
BZPOL,Bronze Polar
BZRFX,Bronze Reflex
C,Clear
CABBLK,Caballero Black
CABDRAGN,Caballero Dragon
CADIBKVO,Camodistressprintblackvolcano
CALVBLUE,Calvary Blue
CAMBLO,Camel Blood
CAMO,Camoflauge
CAMO,Camouflage
CAMO,Red Ion
CAMOBLK,Olive Ashcroft Camo Black
CAMODUCK,Camo Ducky
CAMOMOUN,Mountain Camo
CAMSWI,Camo Swirl
CARBLK,Carbon/Black
CASTLERK,Castlerock
CASTROCK,Castlerock
CBENCHET,Chris Bentchetler
CBLU/GRE,Cobalt/Blue/Green
CELESTIA,Celestial
CEMHEA,Cement Heather
CERO,Cp Everyday Rose
CERPIN,Cerise Pink
CHACOL,Charcoal Colorblock
CHAHEA,Charcoal Heather
CHAMEL,Charcoal Melange
CHAR,Charcol
CHARCFLM,Charcoal Flame Suede
CHARCOAL,Medium Gray
CHARCWHT,Charcoal White
CHARHEA,Charcoal Heather
CHARHTHR,Charcoal Heather
CHARWASH,Charcoal Wash
CHAVIO,Charcoal/Violet
CHAVIOMI,Charcoal/Violet/Mint
CHECKBLK,Checkers - Black
CHECKYOS,Checkyoself
CHEYOSEL,Checkyoself Print
CHHEA,Charcoal Heather
CHILLVIB,Chill Vibe
CHIPEP,Chili Pepper
CHMIR,Chrome Iridium
CHOCCHIP,Navy Chocolate Chip Camo
CHOCOLAT,Chocolate
CHRCBEER,Charcoal (Beer)
CHRISBEN,Chris Bentchetler
CHYADYPL,Charcoal Yarn Dye Plaid
CI,Chrome Iridium
CITORANG,Citrine Orange
CLDBLUBK,Cloud Blue / Tnf Black
CLEAR,Pink
CLOSHA,Cloud Shadows
CLOUDBRE,Cloudbreak
CLOUDRIP,Cloud Ripstop Cloud Ripstop
CLTUSSTR,Clover Tusk Stripe
CNL,Cantaloupe
COALHTHR,Coal Heather
COBALT,Cobalt Blue
COBBLU,Cobalt Blue
COBLTBLK,Cobalt / Black
COCOBERR,Coco Berry
COCOBRRY,Coco Berry
CONYEL,Concrete/Yellow
COOGRYWH,Cool Grey/White
COORSLIG,Coors Light
CORALPNK,Coral Pink
CORBLK,Cornstalk/Black
CORECAMO,Core Camo
COROXBLD,Coral / Ox Blood
CP BLACK,Chromapop Black
CPBLK,Chromapop Black
CPBLUE,Chromapop Blue Mirror
CPBLUMIR,Chromapop Polarized Blue Mirro
CPBRNMIR,Chromapap Polorized Brown Mirr
CPEG,Cp Everyday Green Mirror
CPEGCPRO,Cpevrydaygren W/ Cpstrmrsefla
CPEGCPYF,Cpevrydaygren W/ Cpstrmyelfla
CPEGM,Cp Everyday Green Mirror
CPEGM,Cpeverydaygreenmirror
CPEGMSRF,Cpevrydaygrnmirr/Cpstormrosefl
CPEGMSYF,Cpevrydygrnmirror/Cpstormylfla
CPEGMSYF,Cpevrydaygrnmirror/Cpstrmylwfl
CPEGMSYF,Cpevrydaygrnmirr/Cpstormyllwfl
CPEGMYEL,Cpeverydaygreenmirror / Yellow
CPEGYEL,Cpevrydaygren W/ Yellow
CPER,Cp Everyday Red Mirror
CPER,Cp Everday Red Mirror
CPERCPRO,Cpevrydayred W/ Cpstrmrsefla
CPERCPSB,Cpevrydayred W/ Cpsunblack
CPERM,Cp Everyday Red Mirror
CPERMSRF,Cpevrydyredmirror/Cpstrmrosefl
CPERMSRF,Cpevrydayredmirror/Cpstrmrosef
CPERMSRF,Cpevrydayredmirr/Cpstormrosefl
CPERYEL,Cpevrydayred W/ Yellow
CPEVCPRO,Cpevrydayvio W/ Cpstrmrsefla
CPEVM,Cp Everyday Violet Mirror
CPEVWYL,Cp Everyday Violet W/ Yellow
CPGPOLGN,Chromapop Glass Polarized Gree
CPGREGRY,Chromapop Polarized Grey Green
CPINKMIR,Pink Mirror
CPOLBRN,Cp Polarized Brown
CPOLGRGN,Chromapop Polarized Grey Green
CPOLGRGN,Cp Polarized Grey Green
CPOLPL,Chromapop Polarized Platnium
CPOPMIR,Chromapop Opal Mirror
CPP,Chromapop Platinum
CPPBLK,Chromapop Polarized Black
CPPBLUMI,Chromapop Polarized Blue Mirro
CPPBLUMI,Chromapop Polarized Blue Mir
CPPBRMI,Chromapop Polarized Bronze Mir
CPPBRWN,Chromapop Polarized Brown
CPPBRWN,Chromapop Glass Polarized Blue
CPPBRWN,Chromapop Polarized Black
CPPBRWNM,Chromapop Polarized Bronze Mir
CPPBWN,Chromapop Polarized Brown
CPPGRAY,Chromapop Polarized Gray
CPPGREY,Chromapop Polarized Gray
CPPGRGRE,Chromapop Polarized Gray Green
CPPHRMSB,Cpphotochromredmirror/Cpsunblk
CPPHRMSB,Cpphotocromredmirror/Cpsunblk
CPPOLB,Chromapop Polarized Brown
CPPOLBKG,Chromapop Polarized Black Gold
CPPOLBKG,Chromapop Polarized Black
CPPOLBLK,Chromapop Polarized Black
CPPOLBLU,Chromapop Polarized Blue
CPPOLBRN,Chromapop Polarized Brown
CPPOLBRN,Chromapop Polorized Brown
CPPOLBRN,Chromapop Polarized Gray Green
CPPOLBRN,Chromapop Polsrized Brown
CPPOLBRZ,Chromapop Polarized Brown
CPPOLBRZ,Chromapop Polarized Bronze
CPPOLGG,Chromapop Polarized Gray Gree
CPPOLGG,Chromapop Polorized Green
CPPOLGG,Chromapop Polarized Gray Green
CPPOLGYG,Chromapop Polarized Gray Green
CPPOLGYG,Chromapop Polarized Grey Green
CPPOLGYG,Chromapop Polarized Bronze
CPPOLOPA,Chromapop Polarized Violet
CPPOLVIL,Chromapop Polarized Violet
CPPOLVIO,Chromapop Polarized Violet
CPPROGO,Chromapop Polarized Rose Gold
CPPROGOL,Chromapop Polarized Rose Gold
CPPVIOMI,Chromapop Polarized Violet Mir
CPRBMR,Cp Plr Blue Mir
CPRBZMR,Cp Plr Brnz Mrr
CPREDMI,Chromapop Red Mirror
CPREDMIR,Chromapop Red Mirror
CPRGRGN,Cp Plr Grey Green
CPRO,Cp Storm Rose Flash
CPROCPSG,Cpstrmrsefla W/ Cpsungrnmir
CPROGO,Chromapop Rose Gold
CPROSEGO,Chromapop Polarized Rose Gold
CPSB,Cpsunblack
CPSBCPER,Cpsunblack W/ Cpevrydayred
CPSBCPRO,Cpsunblack W/ Cpstrmrsefla
CPSBCPYF,Cpsunblack W/ Cpstrmyelfla
CPSBSRF,Cpsunblack/Cpstormroseflash
CPSBYEL,Cpsunblack / Yellow
CPSGCPRO,Cpsungrnmir W/ Cpstrmrsefla
CPSGMSRF,Cpsungrnmirror/Cpstormroseflsh
CPSGMSRF,Cpsungreenmirror/Cpstormrosefl
CPSGMYEL,Cpsungreenmirror / Yellow
CPSGYEL,Cpsungrnmir W/ Yellow
CPSNGRN,Cp Sn Grn
CPSPCERO,Cpsplatmirror W/ Cpevrydayrose
CPSPCPRO,Cpsplatmirror W/ Cpstrmrsefla
CPSPCPYF,Cpsplatmirror W/ Cpstrmyelfla
CPSPM,Cp Sun Platinum Mirror
CPSPMSRF,Cpsunplatinummirr/Cpstrmrosefl
CPSPMSRF,Cpsunplatinmirr/Cpstormrosefl
CPSPMYEL,Cpsunplatinummirror / Yellow
CPSPYEL,Cpsplatmirror W/ Yellow
CPSPYEL,Cpsunplatinummirror / Yellow
CPSRCPRO,Cpsunredmir W/ Cpstrmrsefla
CPSRF,Cp Storm Rose Flash
CPSRFYEL,Cpstormroseflash / Yellow
CPSRM,Chromapop Sun Red Mirror
CPSRMSRF,Cpsunredmirror/Cpstormroseflas
CPSRMSYF,Cpsunredmirror/Cpstormylwflash
CPSRYEL,Cpsunredmir W/ Yellow
CPVIMI,Chromapop Violet Mirror
CPVIOMIR,Chromapop Violet Mirror
CPYFCPSB,Cpstrmyelfla W/ Cpsunblack
CRBAPPLE,Crabapple
CRBRBR,Carbon Rubber
CREMEBRU,Creme Brulee
CRIRED,Crimson Red
CROSEGOL,Rose Gold Mirror
CRPHOBLK,Clear To Black Photochromatic
CRYSTGRN,Crystal Green Gem
CSNGN,Cp Sn Grn
CSNGNM,Cp Sn Green Mr
CSNRD,Cp Sn Red
CSUNGNM,Chromapop Sun Green Mirror
CUBBLUE,Cubane Blue
CUBPRI,Cubic Print
CUTBOW,Cut Bow
CYANPOL,Cyan Polarized
DAB,Dark Brown
DAPUTNFB,Dahlia Purple/Tnf Black
DARKRED,Silver/Dark Red
DARKROSE,Dark Rose
DARKSKY,Dark Sky
DAWNPATR,Dawnpatrol
DAYDREAM,Day Dream
DAYDREAM,Day Dream - Lil Beast
DEEORN,Deep Orange
DEEPMAR,Deep Marlin
DEEPPURP,Deep Purple
DEEPTEAL,Deep Teal Heather
DEMITASS,Demitasse
DENMEL,Denim Melange
DESAWHBR,Desert Sand / White-Gum / Brwn
DESERTDR,Desert Dream
DG,Dark Grey
DGRHEOBS,Dark Grey Heather/Obsidian
DGRHOTCR,Dkgryhtr/Obsidian/Team Crimson
DIMAROON,Digital Maroon
DINO,Dinoflage
DKBRUSH,Dark Brush
DKBZ,Dark Bronze
DKCAMOCO,Dark Camo Colorblock
DKDENSUB,Dark Denim Sublimation
DKGREY,Dark Grey
DKGRHOB,Dk Grey Heather/Obisidian
DKGRHOB,Dk Grey Heather/Obsidian
DKGRHWHB,Dark Grey Heather/White/Black/
DKGRYHTH,Tnf Dark Grey Heather
DKGYPRSM,Darkgrey & Persimmon
DKOLIVE,Dark Olive
DKOLVE,Dark Olive
DKS,Dark Smoke W/ Pink Ion
DKS,Dark Smoke W/ Rose
DKS,Dark Smoke W/ Red Ion
DKS,Dark Smoke
DKS,Dk Smoke W/ Flash Blue
DKS,Dk Smoke W/ Flash Blue & Rose
DKSKFLBL,Dark Smoke + Yellbluion + Rose
DKTURPUR,Dark Turquoise / Purple
DOTSTRGR,Dot Stripes Green
DPGARNET,Deep Garnet Mix
DPLAGMED,Deep Lagoo/Medieval Blue
DPTEAL,Deep Teal Mix
DPTLNTSK,Deep Teal / Night Sky
DRBLSTYL,Dress Blue Stylus
DRBLUE,Dress Blue
DREBLU,Dress Blues
DREBLUKH,Dress Blues/Khaki
DREBLUQU,Dress Blues/Quetzal
DRESSBLU,Dress Blue
DRESSBLU,Dress Blues
DRESSBLU,Dress Blues Color Block
DRESSBLU,Dress Blue / Sulphur Spring
DRIZBLK,(Covert) Drizzle/Black
DRKBLUE,Dark Blue
DRKBRNGR,Dark Brown Gradient
DRKBRU,Dark Brush
DRKBRUSH,Dark Brush
DRKCHARC,Dark Charcoal
DRKCLY,Dark Clay
DRKFOR,Dark Forest
DRKGRN,Dark Green
DRKINDIG,Dark Indigo
DRKKHA,Dark Khaki
DRKKHAKI,Dark Khaki
DRKKYBLU,Dark Kyanite Blue
DRKMILIT,Dark Military
DRKNAVY,Dark Navy
DRKNIGHT,Dark Night
DRKOLIV,Dark Olive
DRKOLIVE,Dark Olive
DRKPURP,Dark Purple
DRKREDPE,Dark Red Pewter
DRKSKYLN,Blue Hd
DRKSMION,Dark Smoke W/Ionized
DRKSMK,Dark Smoke
DRKSMOKE,Drk Smoke + Flash Blue + Rose
DRKSMOKE,Dark Smoke
DRKSMOKE,Dark Smoke + Rose
DRKSMOKE,Dark Smoke + Flash Blue + Rose
DRKSMOKE,Dark Smoke + Flash Blue
DRKSMOKE,Dark Smoke + Amber
DRSSBLUE,Dress Blues
DRTEALGO,Dr. Tealgood
DSTJADGR,Dusty Jade Green / Stargazer
DTEALSTO,Deep Teal/ Stone
DUCK,Light Brown
DUCKBLIN,Duck Blind
DUSK,Alpenglow / Dusk
DUSTPURP,Matte Dusty Purple
ELEBLU,Electric Blue
ELECBLU,Electric Blue
ELIASELH,Elias Elhardt
ELIELH,Elias Elhardt
ELIPSNVY,Eclipse Navy
ELMWD,Elmwood
EMLDIR,Emerald Iridium
ENGINRED,Engine Red
ENGRNCHR,Enhancer Green Chrome
ENREDCHR,Enhancer Red Chrome
ENSBLU,Ensign Blue
ENSILCHR,Enhancer Silver Chrome
ENTEACHR,Enhancer Teal Chrome
ENYELCHR,Enhancer Yellow Chrome
ENZDKWSH,Enzyme Dark Wash
EVE,Evergreen
EVERGLAD,Everglade
EVERGRN,Evergreen
EVILSHRE,Evil Shred
FADEARMY,Faded Army
FADEDJAD,Faded Jade
FADEJADE,Faded Jade
FADTOBLK,Fade To Black
FALBIR,Falcon Birds
FAROUT,Far Out
FARWEST,Far West
FATIGUE,King Topo / Fatige
FENNEL,Amethyst/Black
FERNHERR,Fern Herringbone
FGRNSTR,Forest Green Stripe
FICAMOBL,Field Camo/Black
FIECAM,Field Camo
FIELDCAM,Field Camo
FIPRSM,Fire Iridium & Persimmon
FIRECRAC,Firecracker
FIREIRID,Fire Iridium
FIRERDBK,Fiery Red / Tnf Black
FLAGBLUE,Flag Blue
FLBLCL,Llflblue+Clr
FLBLPO,Flash Blue Polar
FLBLUE,Flourescent Blue
FLBLUPLM,Flag Blue Palms Print/Flag Blu
FLBLUPOL,Flash Blue Polarized
FLBLUPRN,Flag Blue Rom Print
FLGBLBLK,Flag Blue / Black / Blue
FLGRNPOL,Flashgreenpolarized
FLGRNPOL,Flash Green Polarized
FLINTBLK,Flint Black
FLNTBLK,Flint Black
FLORALGR,Grunge Floral
FLORANGE,Flourescent Orange
FLOWERBL,Flowers Black
FLPINK,Flourescent Pink
FLSHFACE,Flash Faces
FLTBLK,Flat Black
FOGGREY,Fog Grey
FORBAI,Forest Bailey
FORGDIRN,Forged Iron
FORGRA,Forever Grateful
FORGRN,Lychen Forest Green
FORGRN,Forest Green
FORIRO,Forged Iron
FORIRON,Forged Iron
FORMENOT,Forget Me Not
FORNIG,Forest Night
FORSTTWN,Forest Town
FORSWD,Forest/ Seaweed
FRGREE,Frosty Green
FROBON,Frozen Bone
FRONTIER,Old Frontier
FROST,Flex Cap
FRSMOIHA,Frstnt/Modigo/Hawk
FRSTGREY,Frost Grey
FRSTNGHT,Forest Night
FU/PINK,Fuchia/Pink
FU/PNK,Fuchia/Pink
FURTRADE,Fur Trader
FUSCHIA,Fuschia Purple Tiedye
GDI,Gold Ion W/ Dark Smoke
GDI,Gold Ion W/ Amber
GDI,Gold Ion W/ Rose
GDION,Gold Ion
GDLITE,Gold Lite
GEOCAMOP,Geo Camo Green Pink
GETGROPR,Get Groovy Print
GHOROCAM,Ghost Rose Camo
GHOROS,Ghost Rose
GIYBI,Greenion+Yellowbluion
GLACCHET,Matte Glacier Cheetah
GLACPEAK,Glacier Peak
GLACROCK,Matte Glacier Rock
GLDCHRM,Gold Chrome
GLDION,Gold Ion
GLDNCAMO,Golden Glow/ Ashcroft Camo
GLDNPENG,Golden Penguins
GLOSSBLK,Gloss Black
GLOSSEGG,Gloss Eggplant
GLOSSRED,Gloss Red
GLOSSWHT,Gloss White
GLXYRAIN,Galaxy Rain
GN,Green
GN-GR,Green-Grey
GNI,Green Ion W/ Amber
GNI,Green Ion W/ Dark Smoke
GNINPRPO,Green Ion Preform Polar
GNMR,Green Mirror
GNPOL,Green Polarized
GNRFX,Green Reflex
GNSX,Green Sol-X
GOATBONE,Goat Bone
GOLD,Silver/Gold
GOLDGLOW,Golden Glow
GOLDION,Gold Ion + Amber
GOLDLITE,Gold Lite
GOLDOWL,Golden Owl
GOLMAR,Gold/Maroon
GR,Gray
GR,Grey
GRABLU,Graphite Blue
GRADIENT,True Black
GRADIENT,Gradient Slim Fit
GRAHEA,Gravel Heather
GRANTHEA,Granite Heather
GRAPESEE,Grapeseed
GRAVBLK,Gravel / Black
GRAYBLAC,Gray / Black
GRAYDUCK,Grayscale Duck
GRBLK,Gratefulblack
GRBLU,Green Blue
GRCARGRY,Grey Five/Carbon/Grey One
GRCOYEL,Grey Cobalt W/ Yellow
GRDPOLAR,Green Polarized
GREENION,Green Ion
GREENLAV,Lav Green
GREY,Gray
GREYGREE,Grey / Green
GREYHE,Grey Heather
GREYHTHR,Grey Heather
GREYMEL,Grey Melange
GREYPOL,Grey Polarized
GREYVIO,Grey/Violet
GREYWHTE,Wolf Grey/White
GRGRD,Gray Gradient
GRGRDPOL,Gray Gradient Polarized
GRHE,Gray Heather
GRIGRYHT,Grisaille Grey Heather
GRIZZOXB,Grizzly Oxblood
GRN,Green
GRN/GRAY,Blue Hd
GRN/SMOK,Green/Smoke
GRNALIEN,Bright Green Alien
GRNGLOGO,Grunge Logo
GRNGRN,Green / Green
GRNION,Green Ion + Amber
GRNIONAM,Green Ion + Amber
GRNLILDP,Green Lily/ Deep Teal
GRNPOL,Red Ion Polarized
GRNRFLEX,Green Reflex
GRNSOLEX,Green Solex
GRNTAGAZ,Matte Bright Green Tagazoo
GRNTANBK,Green/Tan/Black
GRNWLFMT,Green Wolf Mountain
GRP,Gray Polarized
GRPOL,Gray Polarized
GRPOL,Grey Polarized
GRPOL,Grey Polar
GRVYPC,Chromapop Polarized Bronze Bro
GRY/PMOR,Grey/Patmoore
GRY/RED,Grey/Red
GRYBLKOR,Cool Grey/Black/Orange
GRYCHAMB,Grey / Chambray
GRYDENIM,Grey Denim
GRYDYST,Grey Dystipia
GRYFLA,Gray Flannel
GRYGLA,Grey/Glacier
GRYGRN,Grey / Green
GRYHEA,Grey Heather
GRYHTHR,Grey Heather
GRYHTR,Grey Heather
GRYOFWHT,Grey / Offwhite
GRYPOL,Grey Polarized
GRYRDWHT,Snapback Grey/Red/White
GRYSEAFM,Grey / Seafoam
GRZYLSUN,Grey Zyl Sun
GUNRBR,Gun Rubber
GYBOVIPU,Grey Bone/Violet Purple
HABMARG,Habanero Margarita
HABRDABL,Happy Bronze W/ Dark Blue Spec
HABRPODA,Happy Bronze Polar W/ Dark Blu
HAGRGN,Happy Gray Green
HAGRGR,Happy Gray Green
HAGRGRDR,Happy Gray Green W/ Dark Blue
HAGRGRPO,Happy Gray Green Polar
HAGRGRRD,Happy Gray Green W/ Red Spectr
HAGRGRRE,Happy Gray Green W/Red Flash
HAROPOGR,Happy Rose Polar W/ Green Gold
HAWFAL,Hawk/Falcon
HAWKCHST,Hawk/Chestnut
HAZDORG,Hazard Orange
HBGSHPLS,Hbrnz W/Grnsp + Hper W/Lucsil
HBRGSHPL,Hbrnz W/Gldspct + Hper W/Lucsl
HBRSLVPR,Hbrnz W/Slvsp + Persimmon
HBRSSYLW,Hbrnz W/ Silvspct + Yellow
HBZBSP,Happy Bronze W/ Blue Spec
HBZF,Happy Bronze Fade
HBZGDMR,Happy Bronze W/Gold Mirror
HBZLBSP,Happy Bronze W/Light Blue Spec
HBZPBSP,Happy Bronze Polar W/Blue Spec
HBZPBSP,Happy Bronze Polar W/ Blue Spe
HBZPGN,Happy Bronze Polar W/ Green
HBZPRSP,Happy Bronze W/ Purple Spec
HCSC,Hcsc Harshmallow
HCSCRAIN,Hcsc Rainbow
HDBRONZE,Hdbronze W/Silvspec+Yellow/Grn
HDBRONZE,Hdbronze W/Redspec+Yellow/Grn
HDBRONZE,Hdbronze W/Gldspec+Pers/Silvsp
HDBRONZE,Hdbronze W/Gldspec+Pers/Silv
HDBRONZE,Hdbronze W/Silvspec +Clear
HDBRONZE,Hdbronze W/Silvspec+Persimmon
HDBRONZE,Hdbronze W/Redspec+Persimmon
HDBRONZE,Hdbronze W/Silver Spectra
HDBRONZE,Bronze W/Goldspec+Persim/Silv
HDGRYGRN,Hdgrygrn W/Silvspec+Yellow/Grn
HDPERSIM,Hdpersimmon
HDROSE,Hdrose W/Drkbluspec+Ltgreygrn
HDROSE,Hdrose W/Drkblue+Ltgrygrn
HEABLK,Heather Black
HEAGRY,Heather Grey
HEATHYEL,Short Sleeve
HEGR,Heather Grey
HEXYEL,Hexane Yellow
HGGRHYLG,Hgrygrn W/Rdsp + Hyl W/Lucgrn
HGGRHYLG,Hgrygrn W/Rdsp + Hyllw W/Lucgn
HGGRHYLG,Hgrygrn W/Rdsp + Hyl W/ Lucgrn
HGGRSHYL,Hgrygrn W/Rdsp + Hylw W/Lucsil
HGGSHYLG,Hgrygrn W/Slvsp + Hyl W/ Lucgn
HGGSHYLG,Hgrygrn W/Slvsp + Hyl W/Lucgn
HGGSHYLG,Hgrygrn W/Slvsp + Hyl W/Lucgrn
HGGSHYLG,Hgrygrn W/ Slvsp + Hyl W/Lucgn
HGGSSHYL,Hgrygrn W/Slvspct + Hy W/Lucsl
HGRGN,Happy Gray Green
HGRGNDKB,Happy Gray Green W/ Drk Blue
HGRGNP,Happy Gray Green Polar
HGRGNSM,Happy Gray Green W/ Silver Mir
HIBHIHIB,Hibiscus/Hibiscus/Hibiscus
HIBIPINK,Hibiscus Pink
HIBISCUS,Hibiscus Pink Floral
HIBPINK,Hibiscus Pink
HIFLORAL,Hibiscus Pink Oversized Floral
HIPIDRGR,Hi Pink Iridium / Drk Gray
HIRISKRE,High Risk Red
HNTGRN,Hunter Green
HOGOLD,Honey Gold
HOTGREEN,Hot Green
HOTSAUCE,Celestial
HOTSAUCE,Hot Sauce/ Agate
HOTSAUCE,Burrito Buddy
HRBHGGLR,Hrose W/Dkblusp + Hgrygrn W/Lr
HRDBHGLR,Hrose W/Dkblu + Hgrygrn W/Lurd
HRGYASGY,High Rise Grey/Asphalt Grey
HRRED,High Risk Red
HTHGREY,Heather Grey
HTHGRNBR,Heather Green Brown
HTHRBLK,Heather Black
HTHRBLK,Heathe Black
HTHRBLUE,Heather Blue
HTHRBURG,Heather Burgundy
HTHRCH,Charcoal Heather
HTHRGREY,Heather Grey
HTHRGRN,Heather Green
HTHRGRY,Heather Grey
HTHRGRYC,Heather Grey / Charcoal
HTHRNAVY,Heather Navy
HTHRSLST,Heather Slate Stripe
HTHRWINE,Heather Wine
HTRGRY,Heather Grey
HTTBLTB,Htrtbl/Trublk Htrtbl/Trublk
HTTRUBLK,Heatherbog/Trueblack
HXYELLOW,Hexane Yellow
HYBLTNFB,Hyper Blue/Tnf Black
HYDWHITE,Hydrogen White
HYPBLU,Tnf Black
HZRDORNG,Hazzard Orange
ICEIRPOL,Ice Iridium Polarized
IGTRMI,Ignitor Mirror
IIZED,Ionized
ILBLUCHR,Illuminator Blue Chrome
ILL,Illuminator
IMAGINEW,Imaginary World
INDGRD,Indigo Gradient
INDINFEN,India Ink/Fennel
INDINRUS,India Ink/Russet
INIBLSA,India Ink/Blue Sage
INJECSUN,Injected Sun
INJSUN,Injected Sun
INKBLK,Ink Black
INRDGWSH,Indigo Ridge Wash
INTOTHBL,Into The Blue
INTRSTEL,Interstellar
IONROSE,Ionized W/Rose
IPHIPK,Inferno Prizm Hi Pink
IRIDIUM,Polarized
IRNPCCP,Chromapop Polarized Platinum M
IVYGRN,Ivy Green
IVYGRSUR,Ivy Green/Surf
JADE,Flex Cap
JAMIEAND,Jamie Anderson
JAPANACA,Japanacana
JDIRID,Jade Irid
JET,Drksmokeblue+Yellredion
JNGPLM,Jungle Palm
JULWHITE,Julia White
JUNIPER,Dark Rose
JUNPLM,Jungle Palm
KALEA,Kalea Canvas
KELHEA,Kelp Heather
KELPCAMO,Kelp Birch Camo
KELPCAMO,Pink Dahlia/Faded Jade
KELPTAN,Tnf Black
KHK/YEL,Khaki/Yellow
LACBAK,Lacey Baker
LAGBLUE,Laguna Blue
LAURELWO,Laurelwood
LAURELWR,Laurel Wreath
LAV/SBLU,Lavender/Sky Blue
LBPUDDLE,Lb Puddle
LEADBLUE,Lead Blue
LEAPEL,Leanne Pelosi
LGHTBRWN,Light Brown
LICHEGRN,Lichen Green
LIGBRNDU,Light Brown (Duck)
LIGGRY,Light Gray
LIGHTBLU,Light Blue
LIGPIN,Light Pink
LIGRAY,Light Gray
LILYORN,Lily Orange
LIMELIGH,Limelight
LIMELIME,Lime / Lime
LIMMSDBK,Lime/Msd/Bk
LIMPRI,Limited Print
LLFLBLUE,Ll Flash Blue
LLIZZARD,Grizzly
LOLLISPL,Lollipop Splash
LOUPAR,Louif Paradis
LOWPSI/T,Lotrublk
LRLWOD,Laurelwood
LSBROCHR,Light Sensitive Bronze Chrome
LTBLUDEN,Lt Blue Denim
LTBRNMRL,Light Brown Marl
LVATBS,Lava Tubes
MACGRN,Macaw Green
MADBLK,Madison/Black
MAGAPRIN,Marble Galaxy Print
MAGPUR,Magenta Purple
MAKOBLUE,Mako Blue
MALVBURG,Malva / Burgundi
MAOLIVE,Martini Olive
MARBLK,Maroon/Black
MARBLU,Marlin Blue
MARTIOLI,Martini Olive
MARWHT,Marble White
MATBELCP,Matte Black Electric Petal
MATBHTGR,Matte Bright Green
MATBKDKB,Matte Black / Dark Brown
MATBKMOR,Matte Black Mo Rockin
MATBLACK,Matte Black
MATBLACK,Matta Black
MATBLK,Matte Black
MATBLK,Matty Black
MATBLK,Matte Black / Gloss Black
MATBLKCH,Matteblackcharcoal
MATBLKPR,Matte Black Pearl
MATBLKPR,Matte Black Pear
MATBLUE,Matte Blue
MATBRGRN,Matte Bright Green
MATBRTGR,Matte Bright Green
MATCHAMP,Matte Black Pearl
MATCHAMP,Matte Champaigne
MATCHAR,Matte Charcoal
MATCHARC,Matte Charcoal
MATDKRED,Matte Dark Red
MATFLASH,Matte Flash
MATFROST,Matte Frost
MATGLAC,Matte Glacier
MATGLACI,Matte Glacier
MATGLACR,Matte Glacier
MATGRAPH,Matte Graphite
MATGREY,Matte Grey
MATGRYTR,Matte Gray Trike
MATHALO,Matte Halo
MATIMBLU,Matte Imperial Blue
MATLTGRY,Matte Light Gray
MATLTGRY,Matte Light Grey
MATMIDGL,Mattemidnightglacierthrowback
MATMIDNG,Matte Midnight Peach
MATMIDNI,Matte Midnight
MATMIDNT,Matte Midnight Peach
MATMIDPE,Matte Midnight Peach
MATMONAR,Matte Monarch
MATMONRC,Matte Monarch
MATMOSS,Matte Moss
MATOLIVE,Matte Olive
MATOPAL,Matte Opal
MATOXIDE,Matte Oxide
MATPETRO,Matte Black Pearl
MATPETRO,Matte Petrol
MATPETRO,Satin White
MATPETRO,Matte Petro
MATPURP,Matte Purple
MATPURPL,Matte Purple
MATRIOXI,Matte Rise Oxide
MATRISE,Matte Rise
MATRSGLD,Matte Rose Gold
MATSALMN,Matte Salmon
MATSCRPK,Matte Scarlet Peak
MATTBKPE,Matte Black / Peach
MATTBLK,Matte Black
MATTCHAR,Matte Charcoal
MATTDKBR,Matte Dark Brown
MATTEBLK,Matte Black
MATTEBLU,Matte Blue
MATTEGPH,Matte Graphite
MATTEGRY,Matte Gray
MATTEGRY,Cpsc
MATTEINK,Matte Ink
MATTEINK,Matte Black
MATTEMID,Matte Midnight
MATTEOLI,Matte Olive
MATTEOLV,Matte Olive
MATTETIT,Matte Titanium
MATTEVER,Matte Vermillion
MATTEWHT,Matte White
MATTFRST,Matte Frost
MATTGLAC,Matte Glacier
MATTGPH,Matte Graphite
MATTGRPH,Matte Graphite / Mint
MATTGRPH,Matte Graphite
MATTI,Matte Titanium
MATTITAN,Matte Titanium
MATTOLIV,Matte Olive
MATTRISE,Matte Rise
MATTSAGE,Matte Sage
MATTSCAR,Matte Scarlet
MATTTEAL,Matte Teal
MATTTUSK,Matte Tusk
MATTVERM,Matte Vermillion
MATTWHIT,Matte White
MATTWHT,Matte White
MATVERMI,Matte Vermillion
MATWHITE,Matte White
MATWHITE,Matte Black Pearl
MAUVELOU,Mauvelous
MAXBLUE,Max Blue
MBKPCIG,Chromapop Ignitor
MBZ,M Bronze
MDBLUVIO,Midnight Blue / Violet
MDBROWN,Medium Brown
MEDBLUHI,Medieval Blue/ Hawaii
MEDGRAY,Medium Gray
MEDGRY,Medium Gray
MEDOLI,Medium Olive
MELBRNSA,Melbourne Sand
MELIND,Melindigo
MELSAND,Melbourne Sand
METICBLK,Metalic Iceburg / Black
METICE,Metalic Iceburg
METICE,Metalic Iceberg
MGBLKMON,Magnet / Black / Monument
MGIC,Moto Greenion + Clear
MGR,Warm Grey
MI,Mirror Ion
MIDBLEAC,Mattemidnightbleachedout
MIDNGTBL,Midnight Blue
MIDNTBLU,Midnight Blue
MILITOLV,Military Olive
MINRED,Mineral Red
MINTWHT,Mint White
MINYEL,Mineral Yellow
MIRRLENS,Mirror Lens
MIRRLENS,W/ Mirror Lens
MISTPINK,Misty Pink
MITHTHAG,Mickey Through The Ages
MJRBROWN,Major Brown
MLTFLORA,Multi Floral
MOINDIGO,Mood Indigo
MOINRICO,Mood Indigo Ripstop Cordora
MONHEA,Monument Heather
MOODBLUE,Save The Waves Moody Blue
MOOIND,Mood Indigo
MOONBLUE,Yellow Dye Good Vibes
MOOSE,Forest Green
MOPURP,Mountain Purple
MR,Gold Mirror
MRTINI/A,Mrtini / Aquarv
MSDBORGB,Msd/Borg/Bk
MSGRYOWT,Misty Grey / Offwhite
MSH,Mushroom
MTBKBRGR,Matte Black / Bright Green Ali
MTBKMYGR,Matte Black / Mystic Green
MTBKRDST,Matte Black / Red Sport Tech
MTBLKBLU,Matte Black / Sh Blue
MTBLKBPK,Matte Black / Bright Pink
MTBLKEPT,Matte Black Electric Petal
MTBLKMNT,Matte Black / Pale Mint
MTBLKOLI,Matte Black Olive
MTBLKOLV,Matte Warm Black / Olive
MTBLKPCH,Matte Black Peach
MTBLKPEA,Matte Black Peach
MTBLKPRL,Matte Black Pearl
MTBLKRPT,Matte Black Repeat
MTBPKBLK,Matte Bright Pink / Black
MTBRDBLK,Matte Bright Red / Black
MTBRGGRN,Matte Bright Green Zoom
MTBRGPNK,Matte Bright Pink
MTBRGRED,Matte Bright Red Zoom
MTBRGRED,Matte Bright Red
MTBRIGRN,Matte Bright Green
MTBRIPNK,Matte Bright Pink
MTBRIRED,Matte Bright Red
MTBRPKDZ,Matte Bright Pink Daizee
MTCAMO,Mountain Camo
MTCHAPOW,Matte Charcoal Pow
MTCLDGRY,Matte Cloud Grey
MTDKBRWN,Matte Dark Brown Mo' Rockin'
MTDPFRST,Matte Deep Forest
MTDPORG,Matte Dp Orange
MTDSTLIL,Matte Dusty Lilac
MTFORWTR,Matte Deep Forest / Saltwater
MTGLACRK,Matte Glacier Rock
MTGRPHGP,Matte Graphite Gp
MTGRPHRP,Matte Graphite Rp
MTHACGRY,Mattehalo/Cloudgrey
MTJADBLK,Matte Jade Block
MTKLNBLU,Matte Klein Blue
MTLTGREY,Matte Light Grey
MTMETINK,Matte Metallic Ink
MTMIDBLK,Matte Midnight / Black
MTMIDBLU,Matte Midnight / Sh Blue
MTMIDNGH,Matte Midnight
MTMIDNGT,Matte Midnight
MTMIDPCH,Matte Midnight Peach
MTMIDRDS,Matte Midnight/Dark Red Sierra
MTOPLCGR,Matte Opal/Cloudgrey
MTORGBLK,Matte Dp Orange / Black
MTORGDIN,Matte Dp Orange Dino
MTPALMNT,Matte Pale Mint
MTPNKNMK,Matte Pink Nmk
MTPNKPEN,Matte Bright Pink Penguin
MTREDRCK,Matte Red Rock
MTRISBLK,Matte Rise / Black
MTRISCHR,Matte Rise / Charcoal
MTSATWHT,Matte Satin White
MTSHBLUE,Matte Sh Blue
MTSMKBLU,Matte Smokey Blue
MTSTYLBK,Matte Street Yellow / Black
MTTBHTGR,Matte Bright Green
MTTBKMRK,Matte Black Mo Rockin
MTTBLKRP,Matte Black Rp
MTTBLKST,Matte Black St
MTTCITRO,Matte Citron
MTTDKRED,Matte Dark Red Sierra
MTTDPORG,Matte Dp Orange
MTTDSTPR,Matte Dusty Purple
MTTLTGRY,Matte Light Grey
MTTMIDNT,Matte Midnight
MTTMNGTB,Matte Midnight Bleached Out
MTTOLVBK,Matte Olive Black
MTTORT,Matte Tortoise/Bronze
MTTRVNMK,Matte Trnv Nmk
MTTRVNMK,Matte Trv Nmk
MTTSHBLU,Matte Sh Blue
MTTSKVAP,Matte Tusk / Vapor
MTTTITAN,Matte Titanium
MTTVERM,Matte Vermillion
MTVERMRK,Matte Vermillion Rock
MULTICOL,Multi Color
MULTIRUG,Multi - Dr Rug
MULTPALM,Multi Palm
MUSHROOM,Modern Straight
MYMSDPNK,Myst/Msd/Pnk
MYSFLRET,Prizm Jade Iridium
N3 GRAY,Gray
NADEGLO,Navy/Denim/Glow
NAMAETDE,Navy Maple Etch/Denim Melange
NAT,Natural
NATBLK,Black
NATHAT,Natural Hat
NATURAL,Neckface
NAVARRET,Navarrette
NAVBLUCO,Naval Blue/ Cobalt
NAVFLORA,Navy/Floral
NAVYDIP,Navy Sundipped
NAVYFISH,Navy Fish
NAVYFITZ,Navy Fitz
NAVYPINE,Navy Pine Street
NAVYRED,Snapback
NAVYWHTE,Midnight Navy/White Cerulean
NEOBLU,Neon Blue
NEONHGHW,Neon Highway
NEOORN,Neon Orange
NEOPNK,Neon Pink
NEROSHTR,Neon Rose Heather
NEUGRY,Neutral Grey
NGTSHSKY,Nightshade/Skyline
NGTSHSKY,Nightshade / Skyline
NIBLME,Nile Blue Medallion
NIBLMEL,Nile Blue Medallion
NIBLUMED,Nile Blue Medallion
NIGROS,Night Rose
NITGHSKY,Night Sky
NOOSPALM,Noosa Palm
NORWBLUE,Norwegian Blue
NOSROS,Nostalgia Rose
NSKYDKSL,Night Sky/Dark Slate
NTSKDKSL,Night Sky / Dark Slate
NTSKYBLK,Night Sky/ Black
NVYBEAR,Navy (Bear)
NVYBLK,Navy Black
NVYCAM,Navy/Camel
NVYDEN,Navy/Denim
NVYDENIM,Navy Denim
NVYHTHR,Navy Heather
NVYWHT,Navy White
OCN,Ocean
OFFBLK,Off Black
OFFWHT,Off White
OG DINO,Og Dino Gold
OGDINO,Og Dinoflage
OGDINOGD,Og Dino Gold
OLBLK,Olive/Black
OLICAMO,Olive Ashcroft Camo
OLIMEL,Olive Melange
OLIVPREY,Olive Prey
OLWHCORB,Mediumolive/Whitecampfireor
OPBLOPGR,Optfblue+Optfgreen
OPFLGROP,Optimized Green + Optimized Bl
OPROSTR,Open Road Stripe
OPTFLBLU,Optimized Flash Blue
OPTFLGRE,Optimized Flash Green
OPTICWHT,Optic White
OR/ST/BL,Orchid/Steel Blue
ORABLK,Orange/Black
ORGYLLW,Danny Dicola
ORIGAMI,Arcadia Origami
ORNGEPAT,Patrol Orange
OTW,Optic White
OTWGYWBW,Olivetwillgreywhiteblackwhite
PACIFIC,Flex Cap
PADBLK/B,Paint Drip Blk/ Blu Blue Ste
PALRID,Pale Rider
PAPORGBK,Papaya Orange / Tnf Black
PARASAIL,Parsalng
PARISNGH,Parisian Night
PARPURPL,Parachute Purple
PB,Prizm Black
PB,Prizim Black
PB,Prizm Grey
PBI,Prizm Black Iridium
PBI,Prizim Black Iridium
PBIPHIPK,Prizm Torch Ir + Prizm Hi Pink
PBIPJ,Prizm Black + Prizm Jade
PBIPR,Prizm Black + Prizm Rose
PBLACK,Prizm Black
PBLK,Prizm Black
PBLKI,Prizm Snow Black Iridium
PBLKPOL,Prizm Black Poloarized
PBLKPOL,Prizm Black Polarized
PBLTO,Photo Blue W/ Lighttonicorange
PBPIPK,Prizm Black + Prizm Hi Pink
PBPOL,Prizm Black Polorized
PBPOL,Prizm Black Polarized
PBPR,Prizm Black + Prizm Rose
PBROMZE,Prizm Bronze
PCBMR,Pc Cp Blue Mr
PCCPPBR,Pc Cp Plr Brown
PCCPPLB,Pc Cp Plr Brown
PCCPPLG,Pc Cp Plr Grgn
PCCPPLGR,Pc Cp Plr Gry Gr
PCCPPLGY,Pc Cp Plr Gygr
PCPLGY,Pccp Plr Gygr
PCPRB,Pc Cp Plr B
PCPRBR,Pc Cp Plr Br
PCPRBRN,Pc Cp Plr Brown
PCPRBZ,Pc Cp Plr Bz
PCPRGG,Pc Cp Plr Gg
PCPRGG,Pc Cp Plr Gry Gr
PCPRGRG,Pc Cp Plr Gry Grn
PCPRGRG,Pc Cp Plr Grey Green
PCPRGRGR,Pc Cp Plr Gry Gr
PDBPOL,Prizm Deep Water Polarized
PDGRGNC,Polarized Gray Green Carbonic
PDPOL,Prizm Daily Polarized
PDRKGREY,Persimmon & Dark Grey
PEARLTI,Pearl Titanium
PEARLWHT,Pearl White
PEAROS,Peach/Rosewood
PELFREWE,Pelican Freya Weave
PELHEA,Pelican Heather
PERGRY,Periscope Grey
PERLBLK,Pearl Black
PERLWHT,Pearl White
PERRDMIR,Persimmon Red Mirror
PERSIM,Persimmon
PERSIMMO,Persimmon
PERSMONE,Persimmon One
PET/ORG,Black
PEWALLOY,Pewter/ Alloy
PG,Prizm Golf
PG,Prizm Grey
PGOMIR,Polarized Gold Mirror
PGREY,Prizm Grey
PHA,Photochromic Amber
PHABLK,(Anti-Hero) Phanner/Black
PHC,Photochromatic Clear
PHIPI,Prizm High Pink Iridium
PHIPI,Prizm Hi Pink Iridium
PHIPI,Prizim Hi Pink Iridium
PHIPI,Prizm Hi Pink Iridium Alt
PHIPK,Prizm Hi Pink Iridium
PHIPKI,Prizm Hi Pink Iridium
PHIPL,Prizm Hi Pink Iridium
PHLTROSE,Photochromic Light Rose
PHPKALT,Prizm Hi Pink Iridium Alt
PHTBELCA,Phantom / Beluga / Casto
PHTOROSE,Photocromatic Rose
PHY,Photochromic Yellow
PHYELLOW,Photochromic Yellow
PIAOPBLK,Pink Aop W/ Black
PIHIPKI,Inferno Prizm Hi Pink Iridium
PINETREE,Pine Trees Pet
PINGRA,Pink Gradient
PINK,W/ Loop Cap
PINKION,Pink Ion + Dark Smoke
PINKION,Pink Ion
PINKJADE,Pink Dahlia/Faded Jade
PINKMIR,Pink Mirror
PINKPOLK,Pink Bow Polka Dots
PINKPOLK,Pink Bow / Polka Dot
PINMIR,Pink Mirror
PINPAS,Pink Passion
PJ,Prizm Jade
PJ,Prizm Jade Iridium
PJADE,Prizm Jade
PJI,Prizm Jade Iridium
PJI,Prizm Jade
PJI,Prizim Jade Iridium
PJI,Prizm Sapphire Iridium
PJPOL,Prizm Jade Polarized
PJPR,Prizm Jade + Prizm Rose
PJPS,Prizm Jade + Prizm Sapphire
PKDNTSPW,Pnk/Dnt/Spw
PKI,Pink Ion W/ Dark Smoke
PKI,Pink Ion / Dark Smoke
PKI,Pink Ion
PKLYPBLK,Tahoe Freya Weave
PLACRA,Plane Crazy
PLAPOL,Plasma Polorized
PLINA,Paulina
PLRGRY,Plr Gry
PLRSMK,Polarized Smoke
PNE,Pine
PNKDAIZE,Matte Bright Pink Daizee
PNKDYST,Pink Dystipia
PNKFOXES,Pink Foxes
PNKSKATE,Pink Skates
PNKSQMIR,Pink Sq Mirror
PNKWHT,Pink/White
POL BRWN,Polarized Brown
POLARCUB,Polar Cub
POLARIRI,Polarized Iridium
POLARIZE,Polarized
POLB,Polarized Brown
POLBC,Polarized Brown Carbonic
POLBCP,Polarized Brown Chromapop
POLBRN,Polarized Brown
POLBRN,Polar Brown
POLBRNC,Polar Brown Cp
POLBRWN,Polarized Brown
POLBTECL,Polarized Brown Techlite Glass
POLCPBLU,Chromapop Polorozed Blue Mirro
POLD,Polarized
POLDBRN,Polarized Brown
POLGC,Polarized Gray Carbonic
POLGG,Polarized Gray Green
POLGGCP,Polarized Gray Green Chromapo
POLGGCP,Polarized Gray Green Chromapop
POLGNSX,Pol Green Sol-X
POLGR,Pol Grey
POLGR,Polar Grey
POLGRGN,Polar Grey Green
POLGRGNC,Polar Grey Green Cp
POLGRY,Polarized Gray
POLGRYGN,Polarized Gray Green
POLGYGRN,Polarized Gray Green
POLPL,Polar Platinum
POLYGREY,Polystyrene Grey
PONDPINE,Ponderosa Pine
PORROY,Port Royal
PORROYBK,Port Royal/Black
PORROYHE,Port Royal Heather
PORTWALN,Port / Walnut
POSEGBLB,Poseidon/Eggshell Blue/Black
POTSOIL,Potting Soil White
PP,Prizm Persimmon
PP,Prizim Persimmon
PPI,Purple Ion / Amber
PR,Prizm Ruby
PR,Prizm Rose
PR,Prizm Rose Iridium
PRBMR,Plr Blue Mrr
PRBRN,Plr Brown
PRGNMMR,Plr Green Mmr
PRGNSX,Plr Green Solx
PRGRGN,Plr Grey Green
PRIROA,Prizm Road
PRISRED,Prismane Red
PROGO,Prizm Rose Gold Polorized
PROGOPOL,Prizm Rosegold Polorized
PROGOPOL,Prizm Rose Gold Polorized
PROGORG,Progressive Orange
PROOTB,Prizm Bronze
PRPOL,Prizm Ruby Polarized
PRSAPIR,Prizm Saphire Iridium
PRSMDKGY,Persimmon & Dark Grey
PRSX,Purple Sol-X
PRTI,Prizm React Torch Iridium
PRUBY,Prizm Ruby
PRUBYPOL,Prizm Ruby Polarized
PRZBLK,Prizm Black
PRZBLKPO,Prizm Black Polarized
PRZDKGOL,Prizm Dark Golf
PRZGREY,Prizm Grey
PRZJADE,Prizm Jade
PRZMBKIR,Prizm Black Iridium
PRZMHPIR,Prizm Hi Pink Iridium
PRZMJDIR,Prizm Jade Iridium
PRZMROSE,Prizm Rose Iridium
PRZMSHIR,Prizm Sapphire Iridium
PRZMTRIR,Prizm Torch Iridium
PRZRUB,Prizm Ruby
PRZRUBPO,Prizm Ruby Polarized
PRZRUBY,Prizm Ruby
PRZRUBY,Prizm Ruby Polarized
PRZSAPH,Prizm Sapphire
PRZSAPPH,Prizm Sapphire
PRZSAPPO,Prizm Sapphire Polarize
PRZSAPPO,Prizm Black
PRZTNGPO,Prizm Tungsten Polarized
PRZTUNG,Prizm Tungsten
PRZTUNGS,Prizm Tungsten
PS,Prizm Saphire
PS,Prizm Sapphire
PS,Prizm Sapphire Iridium
PSBI,Prizm Snow Black Iridium
PSI,Sapphire Iridium Polorized
PSI,Prizm Sapphire Iridium
PSI,Prizm Saphire Iridium
PSI,Prizm Sapphire Irdium
PSI,Prizm Sapphire
PSIPHIP,Prizm Saphire + Prizm Hi Pink
PSJ,Prizm Snow Jade
PSMOKDGR,Persimmon & Dark Grey
PSNTI,Prizm Snow Torch Iridium
PSPHPK,Prizm Sapphire + Prizm Hi Pink
PSPOL,Prizm Sapphire Polarized
PSSI,Prizm Snow Saphire Iridium
PSTI,Prizm Snow Torch Iridium
PSTI,Prizm Snow Torch Iriduim
PSTI PR,Prizm Snow Torch + Prizm Rose
PSTTIEDY,Pastel Tiedye
PT,Prizm Tungsten
PTCH,Prizm Torch Iridium
PTCHALT,Prizm Torch Iridium Alt
PTCHI,Prizm Torch Iridium
PTCHPR,Prizm Torch + Prizm Rose
PTCHPS,Prizm Torch + Prizm Sapphire
PTI,Prizm Torch Iridium
PTI,Prizm Hi Pink Iridium
PTPOL,Prizm Tungsten Polorized
PTPOL,Prizm Tugsten Poloraized
PTPOL,Prizm Tungsten Polarized
PTROYBLK,Port Royale / Black
PTUGPOL,Prizm Tungsten Poloarized
PURECASH,Pure Cashmere
PURHAZE,Purple Haze
PURION,Purple Ion
PURLTBLU,Purple/Lightblue
PURLTBLU,Purple / Light Blue
PURMAG,Purple Magic
PURPHAZE,Purple Haze
PURPION,Purple Ion + Amber
PURPMIS,Purple Mist
PURPPEAC,Purple Peacock
PURPPENG,Purple Penguin
PURPRGN,Purple Reign
PV,Prizm Violet
PVIO,Prizm Violet
PVLTHR/V,Pvlthr/Velvet Pvlthr/Velvet
PZBLKPOL,Prizm Black Polarized
PZDESPOL,Prizm Deeo Sltwtr Pol.
PZDLY,Prizm Daily
PZDLYPOL,Prizm Daily Polarized
PZDLYPOL,Prizm Daily Pol.
PZDLYPOL,Prizm Daily Pol
PZDTRPOL,Prizm Deep Water Polarized
PZFDCHM,Prizm Field/Chrome Iridium
PZFDCIR,Prizm Field/Chrome Iridium
PZFIELD,Prizm Field
PZGOLF,Prizm Golf
PZJADPOL,Prizm Jade Polarized
PZROAD,Prizm Road
PZROSGLD,Prizm Rose Gold
PZRSGDPO,Prizm Rose Gold Polarized
PZSAPH,Prizm Saphire
PZSHRPOL,Prizm Shallow Frshwtr Pol.
PZSHTRPO,Prizm Shallow Water Polarized
PZSTRPOL,Prizm Shallow Water Polarized
PZTNGPOL,Prizm Toungsten Polarized
RAIGRN,Rainier Green
RAINYDAY,Rainy Day / Mellow Mauve
RAITHERO,Raisin' The Roof
RASPBERY,Raspberry
RASPBLK,Raspberry Black
RASTAGRN,Rasta Green
RATR,Rainbow Trout
RAVGRY,Raven Gray
RAVGRY,Raven Grey
RAWHIDE,Raw Hide
RAWIND,Raw Indigo
RDBRGHRD,Red/Bright Red
RDBRHTRD,Red/Brightred
RDI,Red Ion W/ Amber
RDION,Red Ion
RDIRPOL,Red Iridium Polar
RDMETFLK,Red Metal Flake
RDMR,Red Mirror
RED,Red
REDBKSWI,Red Black Swirl
REDBLK,Red / Black
REDIO+CL,Redion+Clear
REDION,Red Ion + Rose
REDION,Red Ion + Amber
REDION,Red Ion + Pink Ion
REDION,Red Ion
REDLTGRE,Red/Light Grey
REDMIR,Red Mirror
REDPOL,Red Ion Polarized
REDRED,Brightred/Darkred
REDRED,Bright Red / Dark Red
REDSOLEX,Red Solex
REDVEL,Red Velvet
RESGOL,Resin Gold
RESNGOLD,Resin Gold
REVPRI,Revolution Print
RHOBEIGE,Rhodium Beige
RHRDGRLE,Rhumba Red/Grape Leaf
RI,Red Ion
RID&SEE,Ride & Seek
RIDESEEK,Ride & Seek
RIDGTOMA,Ridge- Tomato Red
RINBLUE,Rincon Blue
RITO,Redion+Tear Off
RIYBI,Redion+Yellowbluion
ROGDMR,Rose Gold Mirror
ROGOHABR,Rose Gold - Happy Bronze Fade
ROSBRN,Rose Brown
ROSEFLOR,Rose Multi Floral
ROSENIGH,Red Hd
ROSEVIOL,Rose Violet
ROSPYEL,Rose Spectrum W/ Yellow
ROYALBLU,Royal Blue
RSBCAAB,Rsbrwn/Camel/Abyss
RSBRWN/P,Rosebrown/Port Royal
RUBBRGRY,Rubber Grey
RUBRWN,Rustic Brown
RUBYIR,Ruby Iridium
RUMREDWT,Rumba Red/True White
RURYDPLA,Rusty Red Yarn Dye Plaid
RUSREDCO,Rusty Red Colorblock
S LOGIC,Street Logic
SADDLE,Saddletan
SADDLE,Saddletan / Black
SAGE,Black
SALTCRYS,Salt Crystal
SALTCRYS,Black
SAMCAR,Sammy Carlson
SAMCARL,Sammy Carlson
SAMMYCAR,Sammy Carlson
SANDGRIZ,Sand Grizzly
SANDSTON,Sandstone
SANHEA,Sangria Heather
SANHEATH,Sangria Heather
SANHEDEM,Sangria Heather-Deep Marlin He
SATINWHT,Satin White
SB,Sun Black
SCARPEAK,Mattescarletpeak
SCRMHAND,Black Screaming Hand
SEABLU,Seaport Blue
SEAGLASS,Sea Glass
SEAGREEN,Sea Green
SEBOWALK,Sebo Walker
SEQBLK,Seqouia/Black
SEQREDBK,Sequoia Red / Tnf Black
SEQUORED,Sequoia Red
SERGREEN,Service Green
SGRRSH,Sugar Rush
SGYBI,Smkegold + Yellwbluion
SHAAME,Shark/Amethyst
SHAHEA,Shade Heather
SHAHOR,Shark Horizon
SHAPRI,Shambles Print
SHIPSBLK,Ships Black
SHIR,Sapphire Iridium
SHIRIDPO,Sapphire Irid Pol
SIGBLUE,Signature Blue
SIGRD,Sienna Gradient
SILMIR,Silver Mirror
SILONY,Silverton Onyx
SILVBLK,Silver Black
SILVBLK,Forged Hollow
SILVER,Standard
SILVER,Polished
SILVERTN,Silverton Onyx
SILVERTO,Silverton
SILVGOLD,Silver/Gold
SILVION,Red Ion + Rose
SILVPURP,Standard
SILVRBLK,Silver/Black
SILVRBLK,Standard
SILVRED,Forged Hollow
SILVRFLX,Silver Reflex
SILVRION,Silver Ion + Flash Blue
SILVRION,Silver Ion + Rose
SILVRRED,Milton Martinez
SKBLUBLK,Sky Blue / Black
SKEGRA,Sketchy Graveyard Clear
SKELEKEY,Skeleton Key
SLATE,Slate Pine
SLATEGRY,Slate Grey
SLATEIR,Slate Iridium
SLBLUMAG,Slate Blue / Magenta
SLICKBLK,Slick Black
SLTBLUE,Slate Blue
SLVI,Silver Ion W/ Dark Smoke
SLVIDKSK,Silver Ion W/Dark Smoke
SLVION,Silver Ion
SLVMR,Silver Mirror
SLVRBURG,Silverburgundy / Louie Lopez
SLVRFX,Silver Reflex
SMBLWHBK,Smoke Blue / White / Black
SMLYFACE,Black Smiley Face
SMOPRI,Smolder Print
SMSOSM,Smoke/Sonar Smoke
SNCGRN,Sonic Green
SNRBLU,Sonar Blue
SNRBRNZE,Sonar Bronze
SNRGRN,Sonar Green
SNRINFRD,Sonar Infrared
SNRNIGHT,Sonar Night
SNRRED,Sonar Red
SNRSLVR,Sonar Silver
SOBLSOSI,Sonar Blue + Sonar Silver
SOBRBLIN,Sonar Bronze W/Blue Infrared
SOBRSOBL,Sonar Bronze W/Sonar Blue
SOBRSOIN,Sonar Bronze W/Sonar Infrared
SOBRSOIN,Sonar Bronze + Sonar Infrared
SOGRSOBL,Sonar Green W/Sonar Blue
SOGRSOIN,Sonar Green W/Sonar Infrared
SOGRSOIN,Sonar Green + Sonar Infrared
SOGRSOSK,Sonar Green + Sonar Smoke
SOINBSOI,Sonarinfraredblue+Sonarinfrare
SOINBSOI,Sonar Infra Blu W/Sonar Infra
SOINFBLU,Sonar Infrared Blue+Sonar Silv
SONBRO,Sonar Bronze
SONGRN,Sonar Green
SONINF,Sonar Infrared
SONINFBL,Sonar Infrared Blue
SONNIG,Sonar Night
SONRED,Sonar Red
SONTSOGR,Sonar Night + Sonar Green
SOPKSOIN,Sonar Pink + Sonar Infrared
SORDSOIN,Sonar Red + Sonar Infrared
SORESOBL,Sonar Red W/Sonar Blue
SORESOIN,Sonar Red W/ Sonar Infrared
SORESOIN,Sonar Red W/Sonar Infrared
SOSISOGR,Sonar Silver W/Sonar Green
SOSISOIN,Sonar Silver W/Sonar Infrared
SOSISOIN,Sonar Silver + Sonar Infrared
SOSISOPK,Sonar Silver + Sonar Pink
SOSKSOBL,Sonar Smoke + Sonar Blue
SOSKSOGR,Sonar Smoke + Sonar Green
SOSKSOIB,Sonar Smoke+Sonar Infrared Blu
SOSMSOIB,Sonar Smoke+Sonar Infrared Blu
SOSSOINB,Sonar Silver W/Sonar Infra Blu
SPACEGRY,Space Grey
SPATRUBK,Sparrow/True Black
SPCGREY,Space Grey
SPLTBLUE,Black Noise
SPOUROY,Marble Galaxy Print
SPRJUN,Spruce/Juniper
SPUNOTRO,Spunout/Royal Blue
SQGR,Squadron Green
SRCP,Sun Red Mirror Chromapop
STARGAZE,Stargazer
STCHMEBL,Stone/Charcoal Melange/Black
STEADIN,Stealth Dino
STEELGRY,Steel Grey
STENPALM,Stencil Palm
STEONY,Steel Onyx
STLLCHRM,Stellar Chrome
STNDBLUE,Standard Issue Blue
STONEGRY,Stone Gray
STONENSK,Stone/Night Sky
STONEROS,Stone Rose
STONETUR,Stone Turtledove
STONSKY,Stone/ Night Sky
STORMBLK,Storm/ Black
STOUTWHT,Stout White
STOWASOU,Stone Wash Out
STOWHITE,Stout White
SVI,Silver Ion
SVI,Silver Ion W/ Dark Smoke
SWELIM,Sweet Lime
SWIFT,Swift - Lime
SYTRANS,Smokey Yellow W/ Transparent
TAGRYMEL,Taupe/Grey Melange
TAHFREWE,Tahoe Freya Weave
TAHOEGRN,Tahoe Green / Arrowhead
TAMARIND,Tamarindo
TANDSPIC,Tandoori Spice
TANDSPIC,Tandori Spice
TANKGRN,Tank Green
TANSPICE,Tandori Spice
TANSPICE,Tandoori Spice
TARMBLK,Tarmac/ Black Heather
TBLKMOCR,Trublk/Modigo/Crystl
TCIRID,Torch Irid
TEALTRIB,Teal Tribe
TEAMBLK,Team Black
TEFBTUSE,Tech Flannel/Black/Turkish Sea
TERBLK,Terracotta And Black
THOBWHW,Thunderstormobsidianwhitewhite
TIBL,Tidal Blue
TIEDYE,Tie Dye Info Label
TIEDYE,Tie Dye
TIEDYETN,Tie Dye Tan
TIMBERLI,Timberline
TINBLUE,Tin Blue
TIPOL,Tungsten Iridium Polarized
TIREDHCH,Tibetan Red H-Charcoal Heather
TLMR,Teal Mirror
TNBLKRED,Tan / Black / Red
TNDSPCBK,Tandoori Spice / Black
TNFBLACK,Tnf Black
TNFBLK,Tnf Black
TNFBLUE,Tnf Blue
TNFMTBLK,Tnf Matte Black
TNFWHITE,Tnf White
TNFWHT,Tnf White
TNFWHT,Tnf Black
TNGIRDPO,Tngirdpolar
TNM/BK/L,Tnm/Bk/Lgn
TOMELBLK,Tobacco Melange/Black
TORIRIPO,Torch Iridium Polarized
TORT,Tortoise
TRAAMB,Transitions Amber
TRAI,Transition Rose
TRAIAM,Transition Amber
TRAIYL,Transition Yellow
TRANBLK,Transperant Black
TRANSAM,Transitonal Amber
TRANSBLK,Transparent / Black
TRANSIT,Transitions
TRANSWHT,Transparent / White
TRANYL,Transition Yellow
TRBKHEA,True Black Heather
TRBTRCMO,Trublk/Trcdro/Modigo
TRCPTRBA,Trcdro/Ptroyl/Balsam
TRIGREEN,Triple Green
TRNSCLER,Transitions Clear
TRNSCLER,Transition Clear
TRNSROS,Transition Rose
TROPZEBR,Tropical Zebra
TRSEHAGR,Happy Gray Green
TRUBKLAH,True Black Lahombre
TRUBLK,True Black
TRUBLKIR,Trublk/Irngry
TRUEBLK,True Black
TRUEBLK,Cloud Ripstop Cloud Ripstop
TRUEPENN,True Penny
TRUPENNY,Ture Penny
TT/PCCPB,Polarized Brown
TTPCPB,Polarized Brown
TUIRIDPO,Tungsteniridpolar
TUIRIDPO,Tungsten Irid Pol
TURDOV,Turtledove
TURTDOVE,Turtle Dove
TURTMIX,Turtledove Mix
TWICHA,Twill/Charcoal
TY,Transitions Yellow
ULBKYEL,Ultra Black W/ Yellow
ULTBLKYL,Ultra Black W/ Yellow
ULTORG,Ultraorange
UNICORN,Unicorn - Pink
UNIFMBLU,Uniform Blue
UNIFMGRE,Uniform Green
UNIFRMGR,Uniform Green
UNIV,All-In-One Universal
URABLACK,Uranium Black
URABLK,Uranium Black
URBCHIC,Urban Chic/Bk/Guacamol
URBLHYWH,Uranium Black / Hydrogen White
USAFL,Usa
VALORA,Valencia Orange
VBL,Vintage Blue
VCOPVINF,Vivid Copper W/ Vivid Infared
VELBRN,Velvet Brown
VEMBVINF,Vivid Ember W/ Vivid Infared
VEMDVINF,Vivid Emerald W/ Vivid Infared
VERMBLAC,Matte Vermillion Black
VERMROCK,Matte Vermillion Rock
VI,Violet Iridium
VI,Violet  Iridium
VINBLK,Vintage Black
VINBLU,Vintage Blue
VINEGRN,Vineyard Green
VINEWINE,Vineyard Wine
VINWAS,Vintage Wash
VIOBLU,Violet/Blue
VIOLET,Violet Reflex
VIOLTICE,Violet Ice
VIOWAS,Violet Wash
VIOWASH,Violet Wash
VIPRSM,Violet Iridium & Persimmon
VIVEMBER,Vivid Onyx
VIVONYX,Vivid Onyx
VLIRID,Violet Irid
VLTRFLX,Violet Reflex
VNTGBLK,Vintage Black
VONXVINF,Vivid Onyx W/ Vivid Infrared
VONXVINF,Vivid Onyx W/ Vivid Infared
VONYVINF,Vivid Onyx W/ Vivid Infrared
VPNKVINF,Vivid Pink W/ Vivid Infrared
VPNKVINF,Vivid Pink W/ Vivid Infared
VROYVINF,Viivid Royal W/ Vivid Infared
WABLTAME,Waxed Black/ Tobacco Melange
WAITFORU,Waiting For You
WAMILI,Waxed Military
WASHBLK,Washed Black
WASHBLK,Premium Washed Black
WASHBLU,Washed Blue
WASHBLUE,Washed Blue
WATERFAL,Waterfall
WATERMEL,Watermelon
WAVEBLUE,Wave Blue/ Light Pewter
WAXBLK,Waxed Black
WDROSE,Woodrose
WELLROU,Well Rounded
WG,Warm Grey
WHBKPORO,White/Black/Port Royal
WHITE,Silver Hd
WHITE,Silver Mirror + Yellow
WHITE,Gropwalk
WHITE,Short Sleeve
WHITE RO,White Room
WHITEBLK,Snapback
WHITECAM,White Camo
WHITEMIN,White Mint
WHITEOWL,White Owl
WHITERED,Snapback
WHSM,White Smoke
WHTBLACK,White / Black
WHTBLACK,White/Black
WHTBLK,Camoflauge
WHTBLK,White/Black
WHTBLK,Black/White
WHTBLK,White / Black
WHTBLKGR,Trigger S
WHTBLKRD,White / Black/ Red
WHTBLKRD,White/Black/Red
WHTBLKWH,Black/Metal Black/ White
WHTBLUCY,White / Blue Cyan
WHTCAP,White Cap
WHTESPAD,Gloss White Spade
WHTGOLD,White Gold
WHTGRY,White Grey
WHTLTGRY,White/Lightgrey
WHTMEL,White Melange
WHTMINT,White/Mint
WHTOBSID,White/Obsidian
WHTPEONI,Peonies White
WHTPRPLE,White/Purple
WHTRDYEL,White/Red/Yellow
WHTSILVR,White/Silver
WHTSLUB,White Slub
WHTSPADE,Gloss White Spade
WHTSPEC,White Spectrum
WHUNRE,White/University Red
WICKGRAY,Wicker Gray
WIGRMEBL,Wine/Grey Melange/Black
WILDFLOW,Wildflower
WILDROSE,Wild Rose
WILDTRIB,Wild Tribe
WILTRI,Wild Tribe
WIMEBLK,Wine Melange/ Black
WINDAI,Winter Daisy
WLDBERRY,Wild Berry
WLDBLKOU,Wild Blackout+Wild Yellow
WLDBRCHR,Wild Bronze Flash Chrome+Wildy
WLDBRFLA,Wild Bronze Flash Chrome+Wildy
WLDFRCHR,Wild Fire Chrome+Wild Yellow
WLDFRCHR,Wild Fire Chrome
WLDMDRSE,Wild Midnight Rose+Wildyellow
WLDPKCHR,Wild Pink Chrome+Wild Yellow
WLDQCHRM,Wild Quaser Chrome+Wildyellow
WLDQCHRM,Wild Quasar Chrome+Wild Yellow
WLDQCHRM,Wild Quasar Chrom+Wild Yellow
WLDQCHRM,Wild Quasar Chrome
WLDSILCH,Wild Silver Chrome+Wild Yellow
WLDSLVCH,Wild Silver Chrome+Wild Yellow
WLDSTCHR,Wild Stellar Chrome+Wild Yello
WMGRY,Warm Grey
WOTHR,Wood Thrush
WRMGREY,Warm Grey
WTANTBRY,White/Anthracite/Berry
WTRCOLOR,W/ Backpack
YELIRID,Yellow Iridium
YELLORNG,Thrasher Mag Grip Sheet
YLLWWHT,Yellow / White
YLWDYE,Yellow Dye Good Vibes
ZYLSUN,Zyl Sun
